index,plate,state,license_type,tow_eligible_date,total_fines,amount_paid,amount_due,violations,fines_in_judgement,total_fines_post_tow_eligible,amount_paid_post_tow_eligible,amount_due_post_tow_eligible,violations_post_tow_eligible,plate_id,license_plate_issuing_state,license_plate_type,first_action_date,last_action_date,n_plates
3570488,HTH4488,NY,PAS,2024-04-18,905.91,197.27,708.64,11,708.64,225.43,0.0,225.43,3.0,HTH4488,NY,PAS,2018-10-09,2018-10-09,72
2656002,GST7910,NY,PAS,2024-06-20,3035.73,1759.51,1276.22,40,1276.22,787.28,0.0,787.28,11.0,GST7910,NY,PAS,2017-02-28,2021-11-08,78
5082199,KJB3232,NY,PAS,2024-09-14,3592.03,2711.07,880.96,48,880.96,225.95,150.0,75.95,3.0,,,,,,109
6170486,LCU8655,NY,PAS,2024-10-25,787.97,0.0,787.97,10,787.97,151.9,0.0,151.9,2.0,LCU8655,NY,PAS,2024-09-30,2024-09-30,123
6003611,L57SBD,NJ,PAS,2024-08-07,1992.61,176.73000000000002,1815.88,26,1815.88,0.0,0.0,0.0,0.0,,,,,,106
2398230,GFK6452,NY,PAS,2024-11-08,3983.73,3322.44,661.29,56,661.29,276.08,0.0,276.08,4.0,,,,,,128
6346546,LGR2084,NY,PAS,2024-07-13,403.93,0.0,403.93,5,403.93,0.0,0.0,0.0,0.0,,,,,,88
4614558,JRA6004,NY,PAS,2024-01-01,416.59,50.0,366.59,5,366.59,0.0,0.0,0.0,0.0,,,,,,83
5614201,KUB5687,NY,PAS,2024-02-11,355.15,0.0,355.15,4,355.15,0.0,0.0,0.0,0.0,,,,,,72
5624518,KUJ7301,NY,PAS,2024-03-17,503.94,50.0,453.94,8,453.94,50.0,0.0,50.0,1.0,,,,,,85
5061019,KHT3426,NY,PAS,2024-07-16,1278.26,552.72,725.54,16,725.54,0.0,0.0,0.0,0.0,,,,,,66
1119750,BG80736,CT,PAS,2024-08-30,810.49,0.0,810.49,10,810.49,227.85,0.0,227.85,3.0,,,,,,159
552972,7629BF7,AL,PAS,2024-11-09,746.41,354.96000000000004,391.45,10,391.45,50.0,50.0,0.0,1.0,7629BF7,AL,PAS,2024-10-15,2024-10-15,97
679607,928PKK,OR,PAS,2024-12-14,922.32,0.0,922.32,12,922.32,0.0,0.0,0.0,0.0,,,,,,98
6195796,LDF1225,NY,PAS,2024-05-31,509.26,100.0,409.26,7,409.26,0.0,0.0,0.0,0.0,,,,,,96
4847362,KDX2998,NY,PAS,2024-09-26,2724.0,2288.08,435.92,41,435.92,75.95,0.0,75.95,1.0,,,,,,109
6847908,N49RNW,NJ,PAS,2024-06-13,936.91,531.55,405.36,12,405.36,0.0,0.0,0.0,0.0,N49RNW,NJ,PAS,2024-04-23,2024-04-25,112
1968851,F83RAW,NJ,PAS,2024-11-17,403.15,0.0,403.15,5,403.15,0.0,0.0,0.0,0.0,,,,,,98
7155275,T100249C,NY,OMT,2024-02-13,645.22,50.0,595.22,9,595.22,150.0,50.0,100.0,3.0,,,,,,72
5058390,KHS1895,NY,PAS,2024-03-06,1230.08,739.95,490.13,18,490.13,0.0,0.0,0.0,0.0,KHS1895,NY,PAS,2024-02-05,2024-02-05,73
7313278,T773854C,NY,OMT,2024-02-01,3606.79,1750.0,1856.79,54,1806.79,1434.92,0.0,1434.92,20.0,,,,,,100
6233826,LDY1332,NY,PAS,2024-05-24,2130.85,152.5,1978.35,29,1878.35,1237.84,0.0,1237.84,18.0,,,,,,98
2564284,GNF2058,NY,PAS,2024-11-29,696.77,75.0,621.77,9,621.77,75.56,0.0,75.56,1.0,,,,,,138
6124050,LBW7579,NY,PAS,2024-02-27,1143.56,217.46,926.1,14,926.1,0.0,0.0,0.0,0.0,,,,,,68
4769771,KBP1777,NC,PAS,2024-05-25,496.2000000000001,123.31,372.89,6,372.89,0.0,0.0,0.0,0.0,KBP1777,NC,PAS,2023-05-03,2023-08-28,74
901555,AR35880,CT,PAS,2024-02-16,1479.26,402.72,1076.54,19,1076.54,161.65,0.0,161.65,2.0,AR35880,CT,PAS,2023-10-04,2024-02-14,82
46632,14ELSN,FL,PAS,2024-10-20,552.58,0.0,552.58,17,552.58,0.0,0.0,0.0,5.0,,,,,,91
6390710,LHR1055,NY,PAS,2024-11-11,543.36,73.69,469.67,7,469.67,0.0,0.0,0.0,0.0,,,,,,86
831365,AH99904,CT,PAS,2024-07-31,712.5600000000001,306.42,406.14,9,406.14,0.0,0.0,0.0,0.0,AH99904,CT,PAS,2023-08-02,2023-08-02,81
6943923,P90RJS,NJ,PAS,2024-05-21,567.27,0.0,567.27,7,567.27,153.59,0.0,153.59,2.0,,,,,,61
6133551,LCB8694,NY,PAS,2024-01-19,3513.8,0.0,3513.8,44,3513.8,1946.86,0.0,1946.86,25.0,,,,,,100
6810968,MNP7142,PA,PAS,2024-10-28,390.67,0.0,390.67,5,390.67,0.0,0.0,0.0,0.0,,,,,,114
3889741,J58SYL,NJ,PAS,2024-08-04,959.5,0.0,959.5,12,959.5,0.0,0.0,0.0,0.0,J58SYL,NJ,PAS,2024-06-05,2024-06-05,82
261126,39470PC,NY,IRP,2024-09-21,2232.7,750.0,1482.7,32,1482.7,0.0,0.0,0.0,0.0,,,,,,101
6400861,LHY3364,PA,PAS,2024-05-07,466.41,50.0,416.41,6,416.41,0.0,0.0,0.0,0.0,,,,,,52
6184,056BKJC,TN,PAS,2024-07-20,642.69,60.52,582.17,8,582.17,0.0,0.0,0.0,0.0,056BKJC,TN,PAS,2024-05-16,2024-05-16,81
7413705,U35MZV,NJ,PAS,2024-05-01,432.53,0.0,432.53,5,432.53,0.0,0.0,0.0,0.0,,,,,,59
7027,0624AP,NC,PAS,2024-01-10,503.15,0.0,503.15,6,503.15,81.93,0.0,81.93,1.0,,,,,,61
6268745,LEP7571,NY,PAS,2024-08-23,1417.28,0.0,1417.28,18,1417.28,0.0,0.0,0.0,0.0,,,,,,128
5322576,KNA5178,NY,PAS,2024-11-07,3336.18,2259.01,1077.17,46,1077.17,301.42,0.0,301.42,4.0,KNA5178,NY,PAS,2022-10-03,2024-01-23,141
478029,63957NE,NY,COM,2024-12-26,621.15,0.0,621.15,8,621.15,150.0,0.0,150.0,2.0,,,,,,126
1060596,BB71120,CT,PAS,2024-04-26,943.99,529.53,414.46,12,414.46,0.0,0.0,0.0,0.0,,,,,,97
51205,15749NE,NY,COM,2024-04-15,703.62,50.0,653.62,9,653.62,0.0,0.0,0.0,0.0,,,,,,49
4697551,JZH5211,OH,PAS,2024-01-05,3021.57,669.71,2351.86,38,2351.86,1753.32,0.0,1753.32,22.0,,,,,,127
6710830,M2Z627,NY,PAS,2024-03-10,997.82,500.0,497.82,14,497.82,79.98,0.0,79.98,1.0,,,,,,88
6842150,N37SBW,NJ,PAS,2024-12-06,700.8399999999999,0.0,700.8399999999999,9,700.8399999999999,0.0,0.0,0.0,0.0,,,,,,134
863794,AL92480,AZ,PAS,2024-01-06,794.13,50.0,744.13,10,744.13,0.0,0.0,0.0,0.0,,,,,,78
1527021,DGE5709,NY,PAS,2024-11-03,1217.21,794.8199999999999,422.39,15,422.39,0.0,0.0,0.0,0.0,DGE5709,NY,PAS,2015-06-11,2018-09-17,98
419099,5783BF7,AL,PAS,2024-12-05,404.06,0.0,404.06,5,404.06,0.0,0.0,0.0,0.0,5783BF7,AL,PAS,2023-05-02,2024-08-12,133
833069,AHF3848,NY,PAS,2024-06-29,3128.25,2231.39,896.86,41,896.86,457.09,0.0,457.09,6.0,,,,,,85
5308398,KMU8679,NY,PAS,2024-01-18,673.64,0.0,673.64,8,673.64,0.0,0.0,0.0,0.0,,,,,,90
6292865,LFJ1645,NY,PAS,2024-03-22,649.85,75.43,574.42,8,574.42,77.77,0.0,77.77,1.0,,,,,,79
1763808,EG59251,IL,PAS,2024-05-30,944.9,0.0,944.9,12,944.9,378.06,0.0,378.06,5.0,EG59251,IL,PAS,2024-04-30,2024-05-02,92
5863234,KYN1932,NY,PAS,2024-06-14,488.72,0.0,488.72,6,488.72,77.64,0.0,77.64,1.0,,,,,,104
6800248,MLH1129,PA,PAS,2024-09-27,1464.82,0.0,1464.82,20,1414.82,834.21,0.0,834.21,12.0,,,,,,159
6427793,LJM1359,NY,PAS,2024-07-22,952.22,0.0,952.22,12,952.22,0.0,0.0,0.0,0.0,,,,,,64
7252694,T696356C,NY,OMT,2024-02-22,1329.64,125.0,1204.64,17,1204.64,705.91,0.0,705.91,9.0,,,,,,87
332995,47134BB,NY,OMR,2024-09-10,1106.86,616.97,489.89,15,489.89,0.0,0.0,0.0,0.0,,,,,,85
7330660,T796714C,NY,OMT,2024-06-30,791.27,50.0,741.27,10,741.27,0.0,0.0,0.0,0.0,,,,,,67
6408135,LJA6687,NY,PAS,2024-09-30,701.65,150.63,551.02,9,551.02,0.0,0.0,0.0,0.0,LJA6687,NY,PAS,2024-07-08,2024-07-08,79
5643239,KUX5084,NY,PAS,2024-11-01,656.9,294.64,362.26,9,362.26,0.0,0.0,0.0,0.0,KUX5084,NY,PAS,2023-06-21,2023-06-21,96
170982,281BH4,NY,MOT,2024-11-28,467.53,0.0,467.53,6,467.53,0.0,0.0,0.0,0.0,,,,,,112
7399184,TYE4823,VA,PAS,2024-09-18,392.88,0.0,392.88,5,392.88,0.0,0.0,0.0,0.0,,,,,,129
5707054,KVX7315,NY,PAS,2024-07-04,493.53,0.0,493.53,6,493.53,75.56,0.0,75.56,1.0,,,,,,102
770143,A82SBD,NJ,PAS,2024-08-10,1195.04,528.03,667.01,19,667.01,150.0,50.0,100.0,3.0,,,,,,99
5740220,KWN1254,NY,PAS,2024-03-12,1090.74,277.07,813.67,14,813.67,155.76,0.0,155.76,2.0,,,,,,64
660701,8UTD994,CA,PAS,2024-10-17,476.5,0.0,476.5,6,476.5,0.0,0.0,0.0,0.0,,,,,,109
4752940,KAK5816,NY,PAS,2024-12-12,421.54,64.09,357.45,5,357.45,0.0,0.0,0.0,0.0,KAK5816,NY,PAS,2024-03-25,2024-03-25,101
7370239,TKL3184,VA,PAS,2024-09-02,1100.35,0.0,1100.35,14,1100.35,231.23,0.0,231.23,3.0,,,,,,98
5902501,KZA7780,NY,PAS,2024-04-19,729.36,36.32,693.04,9,693.04,313.03,0.0,313.03,4.0,,,,,,109
6251632,LEG2109,NY,PAS,2024-08-15,717.21,0.0,717.21,9,717.21,153.72,0.0,153.72,2.0,,,,,,109
6398111,LHW6848,NY,OMS,2024-11-25,816.74,0.0,816.74,11,816.74,200.17,0.0,200.17,3.0,,,,,,78
5901895,KZA6088,NY,PAS,2024-06-12,428.76,0.0,428.76,5,428.76,0.0,0.0,0.0,0.0,,,,,,85
609167,8420RP,SC,PAS,2024-11-16,838.8,0.0,838.8,12,688.8,275.69,0.0,275.69,5.0,,,,,,150
81905,1A13H1E,AL,PAS,2024-10-02,2084.88,275.6,1809.28,29,1809.28,1256.05,0.0,1256.05,18.0,,,,,,91
3660002,HVK4256,NY,PAS,2024-11-14,1584.99,697.2,887.79,20,887.79,378.58,0.0,378.58,5.0,HVK4256,NY,PAS,2023-07-26,2023-12-14,128
5383376,KNZ6388,NY,PAS,2024-06-25,732.69,233.18,499.51,9,499.51,0.0,0.0,0.0,0.0,,,,,,80
6329094,LGE8557,NY,PAS,2024-02-24,742.7,0.0,742.7,9,742.7,0.0,0.0,0.0,0.0,,,,,,54
6936303,P74KJB,NJ,PAS,2024-04-06,428.76,0.0,428.76,5,428.76,0.0,0.0,0.0,0.0,,,,,,73
2489327,GKE5411,NY,PAS,2024-12-04,774.96,354.87,420.09,11,420.09,0.0,0.0,0.0,0.0,,,,,,109
2265667,G42SZE,NJ,PAS,2024-10-24,1011.45,222.78,788.6700000000001,13,788.6700000000001,150.95,0.0,150.95,2.0,G42SZE,NJ,PAS,2024-08-06,2024-09-23,133
7241194,T680540C,NY,OMT,2024-01-23,1262.84,833.4300000000001,429.41,17,429.41,0.0,0.0,0.0,0.0,,,,,,48
6186766,LDA6783,NY,PAS,2024-02-06,574.37,60.4,513.97,7,513.97,80.89,0.0,80.89,1.0,,,,,,102
7208548,T60PTE,NJ,PAS,2024-07-03,2562.87,275.3,2287.57,34,2287.57,155.02,0.0,155.02,2.0,,,,,,71
5611298,KU597Z,FL,PAS,2024-10-22,2397.61,0.0,2397.61,31,2397.61,381.0499999999999,0.0,381.0499999999999,5.0,,,,,,60
5631720,KUR6973,NY,PAS,2024-12-03,1006.86,622.6,384.26,14,384.26,0.0,0.0,0.0,0.0,,,,,,77
6799110,MLC6515,PA,PAS,2024-10-10,396.91,0.0,396.91,5,396.91,0.0,0.0,0.0,0.0,,,,,,143
7351499,TCD2146,TX,PAS,2024-11-05,538.28,166.6,371.6799999999999,7,371.6799999999999,0.0,0.0,0.0,0.0,TCD2146,TX,PAS,2024-08-26,2024-08-26,100
6040351,LAG8813,NY,PAS,2024-04-05,571.06,95.4,475.66,7,475.66,77.12,0.0,77.12,1.0,LAG8813,NY,PAS,2023-08-09,2024-02-07,83
6511852,LLN4246,NY,PAS,2024-11-27,1144.29,0.0,1144.29,15,1144.29,602.89,0.0,602.89,8.0,,,,,,89
6087582,LBD7737,NY,PAS,2024-11-06,564.41,0.0,564.41,7,564.41,75.82,0.0,75.82,1.0,,,,,,110
6518738,LLU9595,NY,PAS,2024-10-03,617.85,255.09,362.76,8,362.76,0.0,0.0,0.0,0.0,LLU9595,NY,PAS,2024-09-23,2024-09-26,125
361902,4FSY84,MA,PAS,2024-07-25,559.6,0.0,559.6,7,559.6,0.0,0.0,0.0,0.0,,,,,,121
3437408,HNZ8508,NY,PAS,2024-05-03,4290.14,2582.48,1707.66,55,1707.66,1125.18,0.0,1125.18,15.0,HNZ8508,NY,PAS,2022-06-08,2022-06-08,99
5124712,KJW1309,NY,PAS,2024-12-09,696.43,330.14,366.29,9,366.29,0.0,0.0,0.0,0.0,KJW1309,NY,PAS,2023-05-25,2024-04-22,72
1020557,B59FXL,NJ,PAS,2024-12-25,2228.74,1522.37,706.37,29,706.37,0.0,0.0,0.0,0.0,B59FXL,NJ,PAS,2019-05-06,2023-05-22,93
7368612,TJW9795,VA,PAS,2024-09-05,863.4,0.0,863.4,11,863.4,0.0,0.0,0.0,0.0,,,,,,98
5613133,KUB4035,NY,PAS,2024-10-06,1503.44,935.29,568.15,22,568.15,100.0,50.0,50.0,2.0,KUB4035,NY,PAS,2024-08-19,2024-08-19,88
6057797,LAN6002,NY,PAS,2024-09-11,1158.21,776.5600000000001,381.65,15,381.65,0.0,0.0,0.0,0.0,LAN6002,NY,PAS,2024-02-27,2024-07-02,88
3659481,HVK1993,NY,PAS,2024-06-21,698.9399999999999,202.03,496.91,9,496.91,78.55,0.0,78.55,1.0,,,,,,109
768698,A79RLP,NJ,PAS,2024-04-03,1326.36,450.0,876.36,20,876.36,452.85,150.0,302.85,7.0,,,,,,62
4333383,JKB6350,NY,PAS,2024-01-21,2744.68,1679.11,1065.57,37,1015.57,690.3199999999999,50.0,640.3199999999999,10.0,JKB6350,NY,PAS,2019-11-07,2023-07-07,67
6775443,MGE4028,PA,PAS,2024-08-21,398.34,0.0,398.34,5,398.34,0.0,0.0,0.0,0.0,,,,,,96
6133552,LCB8696,NY,PAS,2024-09-08,946.0,385.23,560.77,12,560.77,0.0,0.0,0.0,0.0,LCB8696,NY,PAS,2024-03-20,2024-03-20,83
1690362,E64KLW,NJ,PAS,2024-08-14,357.49,0.0,357.49,4,357.49,0.0,0.0,0.0,0.0,,,,,,83
7270845,T719644C,NY,OMT,2024-02-09,837.33,254.2,583.13,11,583.13,79.59,0.0,79.59,1.0,,,,,,119
3776305,HYB2977,NY,PAS,2024-11-30,3738.9,3266.86,472.04,50,472.04,0.0,0.0,0.0,0.0,HYB2977,NY,PAS,2020-01-15,2023-08-30,92
31103,126BH0,NY,MOT,2024-05-14,3154.51,50.0,3104.51,44,2854.51,2748.24,50.0,2698.24,39.0,,,,,,64
4755860,KAS2028,OH,PAS,2024-12-23,480.14,0.0,480.14,6,480.14,0.0,0.0,0.0,0.0,,,,,,71
864219,AL98HB,FL,PAS,2024-09-09,625.07,150.0,475.07,8,475.07,0.0,0.0,0.0,0.0,,,,,,86
3888273,J55NMZ,NJ,PAS,2024-04-11,489.11,0.0,489.11,6,489.11,0.0,0.0,0.0,0.0,,,,,,90
6106620,LBM9071,NY,PAS,2024-02-08,1352.08,441.92,910.16,17,910.16,323.43,0.0,323.43,4.0,,,,,,109
1260344,C25USD,NJ,PAS,2024-12-07,465.71,0.0,465.71,6,465.71,0.0,0.0,0.0,0.0,,,,,,84
6763322,MDH5782,PA,PAS,2024-12-10,512.51,0.0,512.51,7,412.51,100.0,0.0,100.0,2.0,,,,,,80
2765491,GWF6780,NY,PAS,2024-03-26,500.63,75.82,424.81,6,424.81,0.0,0.0,0.0,0.0,,,,,,66
6364261,LHA3529,NY,PAS,2024-06-06,886.67,0.0,886.67,11,886.67,0.0,0.0,0.0,0.0,,,,,,79
993308,AZ8347,NY,PSD,2024-07-08,851.6800000000001,425.0,426.68,13,426.68,0.0,0.0,0.0,0.0,,,,,,77
6766780,MDW2514,PA,PAS,2024-04-16,613.37,200.34,413.03,8,413.03,0.0,0.0,0.0,0.0,,,,,,59
2045685,FFV9276,NY,PAS,2024-06-08,904.47,544.64,359.83,12,359.83,0.0,0.0,0.0,0.0,,,,,,106
7606725,X13NJX,NJ,PAS,2024-07-15,582.74,0.0,582.74,7,582.74,78.42,0.0,78.42,1.0,,,,,,67
6502506,LLF8870,PA,PAS,2024-09-20,781.73,294.5,487.23,10,487.23,0.0,0.0,0.0,0.0,LLF8870,PA,PAS,2024-01-31,2024-04-03,154
4768071,KBK4751,NC,PAS,2024-12-22,939.98,0.0,939.98,13,939.98,525.0,0.0,525.0,7.0,KBK4751,NC,PAS,2024-07-16,2024-07-16,84
7581876,W78ULF,NJ,PAS,2024-08-16,475.45,107.56,367.89,6,367.89,0.0,0.0,0.0,0.0,,,,,,133
6676254,LWK4674,PA,PAS,2024-01-11,960.47,576.18,384.29,14,384.29,0.0,0.0,0.0,0.0,,,,,,107
6798187,MKZ2267,PA,PAS,2024-10-16,474.94,0.0,474.94,6,474.94,0.0,0.0,0.0,0.0,,,,,,96
6688639,LYE4367,PA,PAS,2024-02-17,579.88,0.0,579.88,7,579.88,155.67000000000002,0.0,155.67000000000002,2.0,,,,,,73
4606928,JPX8025,NY,PAS,2024-01-09,1423.11,975.0,448.11,24,448.11,0.0,0.0,0.0,0.0,,,,,,70
5775360,KXD2270,NY,PAS,2024-08-29,944.43,544.79,399.64,12,399.64,0.0,0.0,0.0,0.0,,,,,,121
1160671,BL05580,CT,PAS,2024-09-17,1237.83,529.97,707.86,16,707.86,75.95,0.0,75.95,1.0,BL05580,CT,PAS,2023-12-07,2024-06-12,141
1484842,DAGB04,FL,PAS,2024-01-22,917.22,0.0,917.22,11,917.22,0.0,0.0,0.0,0.0,DAGB04,FL,PAS,2018-09-07,2018-09-07,59
1702471,E90SLP,NJ,PAS,2024-06-27,413.03,0.0,413.03,5,413.03,0.0,0.0,0.0,0.0,,,,,,69
6791951,MJY0089,PA,PAS,2024-12-01,871.4200000000001,175.3,696.12,12,696.12,0.0,0.0,0.0,0.0,MJY0089,PA,PAS,2024-07-01,2024-07-01,94
5007905,KGW7959,NY,PAS,2024-01-17,796.25,376.85,419.4,10,419.4,0.0,0.0,0.0,0.0,KGW7959,NY,PAS,2023-02-14,2023-02-14,64
5888677,KYW2451,NY,PAS,2024-09-13,448.21,0.0,448.21,6,448.21,75.69,0.0,75.69,1.0,,,,,,113
39681,13BSVP,FL,PAS,2024-02-25,1603.55,467.36,1136.19,20,1136.19,389.98,0.0,389.98,5.0,13BSVP,FL,PAS,2023-06-14,2023-06-14,76
1279278,C61NHA,NJ,PAS,2024-06-19,1167.24,601.53,565.71,15,565.71,75.95,0.0,75.95,1.0,C61NHA,NJ,PAS,2022-05-03,2024-02-08,54
6088577,LBE2848,NY,PAS,2024-04-08,2285.5,379.15,1906.35,29,1906.35,1007.46,0.0,1007.46,13.0,,,,,,62
6780884,MHD6346,PA,PAS,2024-02-23,1384.88,0.0,1384.88,17,1384.88,395.22,0.0,395.22,5.0,,,,,,93
6314116,LFX2925,NY,PAS,2024-04-30,729.83,0.0,729.83,9,729.83,159.57,0.0,159.57,2.0,,,,,,50
775402,A94RRY,NJ,PAS,2024-08-05,417.74,0.0,417.74,5,417.74,0.0,0.0,0.0,0.0,A94RRY,NJ,PAS,2023-04-25,2024-05-29,86
6554009,LNL5968,PA,PAS,2024-07-30,1377.01,97.98,1279.03,17,1279.03,75.82,0.0,75.82,1.0,,,,,,66
7039507,R87NDJ,NJ,PAS,2024-11-15,8823.36,8200.91,622.45,117,622.45,0.0,0.0,0.0,0.0,R87NDJ,NJ,PAS,2021-09-07,2024-06-13,164
94156,1EL1114,MD,PAS,2024-02-18,499.38,0.0,499.38,6,499.38,0.0,0.0,0.0,0.0,,,,,,77
5148472,KKE1793,NY,PAS,2024-07-26,2504.88,2110.16,394.72,33,394.72,0.0,0.0,0.0,0.0,KKE1793,NY,PAS,2022-07-13,2022-07-13,101
433232,5BP0525,MD,PAS,2024-03-05,430.45,0.0,430.45,5,430.45,77.51,0.0,77.51,1.0,5BP0525,MD,PAS,2019-02-27,2019-02-27,63
1183334,BN44QT,FL,PAS,2024-04-24,497.82,0.0,497.82,6,497.82,0.0,0.0,0.0,0.0,,,,,,64
3494801,HRH9322,NY,PAS,2024-12-21,2426.53,1995.45,431.08,36,431.08,125.0,50.0,75.0,2.0,HRH9322,NY,PAS,2023-10-16,2023-10-16,95
7375808,TMT8907,VA,PAS,2024-10-04,405.49,0.0,405.49,5,405.49,0.0,0.0,0.0,0.0,,,,,,155
6369799,LHC1944,NY,PAS,2024-08-08,878.48,0.0,878.48,11,878.48,0.0,0.0,0.0,0.0,,,,,,117
6709365,M26RYX,NJ,PAS,2024-10-05,996.03,452.5,543.53,15,493.53,200.0,50.0,150.0,4.0,,,,,,104
6228453,LDU6835,NY,PAS,2024-04-27,409.04,45.76,363.28,5,363.28,0.0,0.0,0.0,0.0,LDU6835,NY,PAS,2024-04-04,2024-04-04,67
6748061,MBG3180,PA,PAS,2024-09-23,1050.34,80.62,969.72,13,969.72,0.0,0.0,0.0,0.0,MBG3180,PA,PAS,2024-07-16,2024-07-16,90
5969820,KZX2185,NY,PAS,2024-06-05,1244.53,452.77,791.76,16,791.76,0.0,0.0,0.0,0.0,KZX2185,NY,PAS,2023-11-20,2023-11-20,69
4683796,JUNITO,NY,SPO,2024-08-17,811.91,332.75,479.16,10,479.16,0.0,0.0,0.0,0.0,,,,,,83
6757827,MCS0073,PA,PAS,2024-05-22,699.2,125.95,573.25,9,573.25,0.0,0.0,0.0,0.0,,,,,,69
1945847,F31NZB,NJ,PAS,2024-08-19,2077.49,639.8000000000001,1437.69,27,1337.69,484.82,0.0,484.82,7.0,,,,,,100
6192197,LDD5250,NY,PAS,2024-05-09,1081.21,0.0,1081.21,14,1031.21,507.31,0.0,507.31,7.0,,,,,,101
6046539,LAJ7075,NY,PAS,2024-06-04,574.16,66.87,507.29,7,507.29,0.0,0.0,0.0,0.0,,,,,,64
4622057,JRC5561,NY,PAS,2024-11-22,2422.66,1544.43,878.23,36,878.23,75.95,0.0,75.95,1.0,JRC5561,NY,PAS,2022-03-03,2022-03-03,131
2270950,G54MED,NJ,PAS,2024-09-22,1571.26,0.0,1571.26,20,1571.26,0.0,0.0,0.0,0.0,,,,,,107
1764949,EGC469,MT,PAS,2024-12-13,578.03,50.0,528.03,8,528.03,0.0,0.0,0.0,0.0,,,,,,103
6129123,LBZ8440,NY,PAS,2024-10-18,553.36,0.0,553.36,7,553.36,0.0,0.0,0.0,0.0,,,,,,122
6430489,LJN1487,NY,PAS,2024-11-24,396.91,0.0,396.91,5,396.91,0.0,0.0,0.0,0.0,LJN1487,NY,PAS,2024-09-23,2024-09-23,86
7313386,T774006C,NY,OMT,2024-06-17,2037.8,611.46,1426.34,27,1426.34,619.78,0.0,619.78,8.0,,,,,,50
6947405,P98NVH,NJ,PAS,2024-05-26,653.63,236.44,417.19,8,417.19,0.0,0.0,0.0,0.0,P98NVH,NJ,PAS,2023-11-02,2023-11-02,66
6347733,LGR6176,NY,PAS,2024-04-20,1300.09,0.0,1300.09,16,1300.09,0.0,0.0,0.0,0.0,,,,,,67
5113926,KJM6620,PA,PAS,2024-08-20,3626.56,901.76,2724.8,49,2674.8,2189.14,0.0,2189.14,29.0,KJM6620,PA,PAS,2024-06-12,2024-06-12,73
6368066,LHB4652,NY,PAS,2024-11-20,693.22,151.3,541.92,9,541.92,0.0,0.0,0.0,0.0,,,,,,82
7079915,RVFS11,FL,PAS,2024-12-27,538.54,0.0,538.54,7,538.54,0.0,0.0,0.0,0.0,,,,,,122
1185213,BN78000,CT,PAS,2024-11-04,648.16,0.0,648.16,9,648.16,176.07999999999998,0.0,176.07999999999998,3.0,,,,,,94
7321061,T783804C,NY,OMT,2024-03-30,529.11,175.0,354.11,7,354.11,0.0,0.0,0.0,0.0,,,,,,83
7770536,Z23NZD,NJ,PAS,2024-05-04,906.06,130.52,775.54,12,775.54,235.91,0.0,235.91,3.0,Z23NZD,NJ,PAS,2024-02-22,2024-02-22,82
6749736,MBM5682,PA,PAS,2024-09-16,1103.59,707.63,395.96,15,395.96,0.0,0.0,0.0,0.0,MBM5682,PA,PAS,2024-04-16,2024-04-16,95
6287324,LFC2088,NY,PAS,2024-10-15,1437.45,295.21999999999997,1142.23,19,1142.23,679.92,0.0,679.92,9.0,LFC2088,NY,PAS,2024-02-26,2024-02-26,108
6089371,LBE6115,NY,PAS,2024-03-16,463.03,50.0,413.03,6,413.03,0.0,0.0,0.0,0.0,,,,,,124
2163437,FSK7886,NY,PAS,2024-08-13,2991.53,2354.4,637.13,42,637.13,0.0,0.0,0.0,0.0,,,,,,58
1072899,BC54386,CT,PAS,2024-05-19,736.68,250.56,486.12,10,486.12,0.0,0.0,0.0,0.0,,,,,,41
6445373,LJX5037,NY,PAS,2024-08-03,560.9,0.0,560.9,7,560.9,0.0,0.0,0.0,0.0,,,,,,79
6410618,LJC1318,NY,PAS,2024-10-31,393.14,0.0,393.14,5,393.14,0.0,0.0,0.0,0.0,,,,,,110
6299233,LFM4675,NY,PAS,2024-12-15,1568.59,400.34,1168.25,23,1118.25,550.77,0.0,550.77,9.0,,,,,,90
7629025,X62509,MA,COM,2024-02-03,745.82,0.0,745.82,9,745.82,0.0,0.0,0.0,0.0,,,,,,61
158378,261BLWC,TN,PAS,2024-06-24,486.64,0.0,486.64,6,486.64,0.0,0.0,0.0,0.0,,,,,,62
7023825,R53KMP,NJ,PAS,2024-05-12,808.95,226.21,582.74,10,582.74,77.25,0.0,77.25,1.0,,,,,,42
1685169,E52RPK,NJ,PAS,2024-03-21,1082.08,200.0,882.08,15,882.08,510.08,50.0,460.08,7.0,,,,,,94
4010233,JCJ3807,NC,PAS,2024-12-16,483.28,0.0,483.28,6,483.28,0.0,0.0,0.0,0.0,,,,,,77
80775,19UU38,SD,PAS,2024-06-10,725.8,0.0,725.8,9,725.8,0.0,0.0,0.0,0.0,,,,,,83
6163237,LCN4569,NY,PAS,2024-02-29,905.65,0.0,905.65,11,905.65,161.51999999999998,0.0,161.51999999999998,2.0,,,,,,100
7081472,RWMP19,FL,PAS,2024-12-30,1220.27,0.0,1220.27,16,1220.27,0.0,0.0,0.0,0.0,,,,,,83
6385988,LHN2206,NY,PAS,2024-10-27,1715.5,400.56,1314.94,23,1314.94,380.27,0.0,380.27,5.0,LHN2206,NY,PAS,2024-04-02,2024-04-02,75
6800082,MLG0360,PA,PAS,2024-11-12,1002.0,0.0,1002.0,13,1002.0,150.69,0.0,150.69,2.0,,,,,,85
6379525,LHH7910,NY,PAS,2024-11-21,751.6899999999999,15.08,736.61,10,736.61,125.95,0.0,125.95,2.0,LHH7910,NY,PAS,2024-08-01,2024-08-01,112
7040982,R90RJE,NJ,PAS,2024-10-19,560.12,0.0,560.12,7,560.12,0.0,0.0,0.0,0.0,,,,,,84
2774359,GWM3146,NY,PAS,2024-02-12,370.7,0.0,370.7,8,370.7,0.0,0.0,0.0,0.0,,,,,,57
3152977,HFZ6623,NY,PAS,2024-10-13,2394.67,1926.49,468.18,32,468.18,76.08,0.0,76.08,1.0,HFZ6623,NY,PAS,2016-08-29,2016-08-29,88
7235877,T672854C,NY,OMT,2024-11-10,2099.15,675.0,1424.15,34,1174.15,725.0,0.0,725.0,12.0,,,,,,94
6686506,LXY2951,PA,PAS,2024-05-10,3354.78,1555.0,1799.78,48,1799.78,1173.31,0.0,1173.31,15.0,,,,,,115
626870,87ECWS,FL,PAS,2024-09-07,394.31,0.0,394.31,5,394.31,0.0,0.0,0.0,0.0,,,,,,86
5708102,KVY1534,NY,PAS,2024-09-03,2136.54,1576.81,559.73,29,559.73,0.0,0.0,0.0,0.0,,,,,,90
6433112,LJP2008,NY,PAS,2024-09-28,935.58,0.0,935.58,12,935.58,229.41,0.0,229.41,3.0,,,,,,91
5011541,KGX8474,NY,PAS,2024-01-31,616.35,189.72,426.63,8,426.63,176.20999999999998,100.0,76.21,3.0,KGX8474,NY,PAS,2022-06-29,2023-06-13,74
7297577,T753125C,NY,OMT,2024-03-01,1825.96,1473.67,352.29,27,352.29,0.0,0.0,0.0,0.0,,,,,,91
1968018,F81RXH,NJ,PAS,2024-09-06,921.77,439.16,482.61,13,482.61,0.0,0.0,0.0,0.0,,,,,,122
1972629,F91UAY,NJ,PAS,2024-07-12,1267.98,0.0,1267.98,16,1267.98,389.76,0.0,389.76,5.0,,,,,,122
7571695,W56NNA,NJ,PAS,2024-05-02,414.89,0.0,414.89,5,364.89,50.0,0.0,50.0,1.0,,,,,,58
4695462,JYS8557,PA,PAS,2024-02-19,664.54,0.0,664.54,8,664.54,0.0,0.0,0.0,0.0,,,,,,62
1031126,B82SNG,NJ,PAS,2024-01-16,1573.57,0.0,1573.57,19,1573.57,0.0,0.0,0.0,0.0,,,,,,54
7291288,T745201C,NY,OMT,2024-06-23,1198.23,150.43,1047.8,15,1047.8,0.0,0.0,0.0,0.0,,,,,,72
4851012,KDY4761,NY,PAS,2024-07-07,542.62,50.0,492.62,7,492.62,75.82,0.0,75.82,1.0,,,,,,82
1988546,FB16Z,FL,PAS,2024-01-15,1280.64,0.0,1280.64,16,1280.64,692.7,0.0,692.7,9.0,,,,,,59
7258404,T703693C,NY,OMT,2024-08-09,1278.53,800.0,478.53,20,478.53,0.0,0.0,0.0,0.0,,,,,,116
5478661,KRW2206,NY,PAS,2024-05-16,1260.49,801.44,459.05,16,459.05,0.0,0.0,0.0,0.0,KRW2206,NY,PAS,2023-10-04,2023-10-04,71
5192749,KKX9432,NY,PAS,2024-03-11,1873.83,1083.34,790.49,24,790.49,0.0,0.0,0.0,0.0,,,,,,58
6306756,LFR8552,NY,PAS,2024-07-14,1030.4,155.95,874.45,13,874.45,156.19,0.0,156.19,2.0,LFR8552,NY,PAS,2024-05-07,2024-06-17,88
815641,AG34243,AZ,PAS,2024-10-09,845.98,277.15,568.83,11,568.83,152.42,0.0,152.42,2.0,,,,,,123
7158746,T104796C,NY,OMT,2024-05-27,816.53,100.0,716.53,11,716.53,153.03,0.0,153.03,2.0,,,,,,62
5750316,KWS4596,NY,PAS,2024-03-28,1469.92,1050.0,419.92,25,419.92,0.0,0.0,0.0,0.0,,,,,,80
6286296,LFB3194,NY,OMS,2024-04-28,6976.54,0.0,6976.54,93,6626.54,5767.48,0.0,5767.48,78.0,,,,,,38
2289323,G94RZV,NJ,PAS,2024-06-28,565.84,0.0,565.84,7,565.84,0.0,0.0,0.0,0.0,,,,,,119
6022291,L98PLR,NJ,PAS,2024-11-23,465.19,0.0,465.19,6,465.19,0.0,0.0,0.0,0.0,,,,,,100
5349715,KNL7160,NY,PAS,2024-07-09,1303.29,215.41,1087.88,18,1087.88,506.23,50.0,456.23,7.0,KNL7160,NY,PAS,2023-10-12,2024-02-07,64
6432880,LJP1557,NY,PAS,2024-10-21,780.3,0.0,780.3,10,780.3,0.0,0.0,0.0,0.0,LJP1557,NY,PAS,2024-06-06,2024-06-06,73
82253,1A15E0T,AL,PAS,2024-09-15,1012.78,0.0,1012.78,13,1012.78,455.14,0.0,455.14,6.0,1A15E0T,AL,PAS,2024-05-02,2024-05-02,81
5399977,KPH8743,PA,PAS,2024-02-07,515.37,0.0,515.37,6,515.37,79.33,0.0,79.33,1.0,,,,,,82
5640267,KUW5817,NY,PAS,2024-10-29,1209.91,821.07,388.84,15,388.84,0.0,0.0,0.0,0.0,KUW5817,NY,PAS,2023-07-06,2023-07-06,75
7135452,SFZ8052,GA,PAS,2024-10-11,704.35,0.0,704.35,9,704.35,0.0,0.0,0.0,0.0,,,,,,140
150851,24F3112,CA,PAS,2024-08-06,477.41,0.0,477.41,6,477.41,0.0,0.0,0.0,0.0,,,,,,67
6110069,LBP2071,NY,PAS,2024-01-26,422.65,0.0,422.65,5,422.65,0.0,0.0,0.0,0.0,,,,,,116
5218065,KLF5468,PA,PAS,2024-06-18,482.22,0.0,482.22,6,482.22,0.0,0.0,0.0,0.0,,,,,,66
257070,386BB5,NY,MOT,2024-09-04,862.45,0.0,862.45,11,862.45,303.89,0.0,303.89,4.0,,,,,,77
6942205,P86UDT,NJ,PAS,2024-12-19,621.21,0.0,621.21,8,621.21,75.0,0.0,75.0,1.0,,,,,,117
6391478,LHR3460,NY,PAS,2024-09-29,604.92,50.0,554.92,8,554.92,0.0,0.0,0.0,0.0,,,,,,99
6207549,LDJ6584,NY,PAS,2024-04-09,1504.53,393.36,1111.17,19,1111.17,394.44,0.0,394.44,5.0,LDJ6584,NY,PAS,2024-04-02,2024-04-02,57
7821205,ZPA6359,PA,PAS,2024-01-13,1497.64,750.95,746.69,20,746.69,389.98,0.0,389.98,5.0,,,,,,58
5845407,KYH2458,NY,PAS,2024-05-23,586.12,0.0,586.12,7,586.12,78.16,0.0,78.16,1.0,,,,,,86
647172,8FD3792,MD,PAS,2024-05-18,409.0,0.0,409.0,5,409.0,0.0,0.0,0.0,0.0,,,,,,66
2574123,GNS9581,NY,PAS,2024-02-04,1100.89,745.87,355.02,15,355.02,0.0,0.0,0.0,0.0,,,,,,47
874303,AM17272,AZ,PAS,2024-09-19,1565.71,1175.04,390.67,28,390.67,75.03999999999999,75.04,0.0,1.0,,,,,,126
7299958,T756474C,NY,OMT,2024-07-27,1389.63,900.0,489.63,21,489.63,0.0,0.0,0.0,0.0,,,,,,91
6167731,LCT2817,NY,OMS,2024-01-04,4615.05,0.0,4615.05,64,4615.05,2132.11,0.0,2132.11,28.0,,,,,,101
6387251,LHN7775,NY,PAS,2024-10-14,1080.08,255.54,824.54,14,824.54,152.81,0.0,152.81,2.0,LHN7775,NY,PAS,2024-09-17,2024-09-17,100
2906684,H51FEP,NJ,PAS,2024-03-03,454.37,0.0,454.37,5,454.37,80.89,0.0,80.89,1.0,,,,,,60
7402561,U10SXF,NJ,PAS,2024-08-28,401.33,0.0,401.33,5,401.33,0.0,0.0,0.0,0.0,,,,,,71
7645008,X96SRP,NJ,PAS,2024-04-22,968.6,0.0,968.6,12,968.6,396.0,0.0,396.0,5.0,,,,,,58
6384719,LHM7126,NY,PAS,2024-08-31,400.68,0.0,400.68,5,400.68,0.0,0.0,0.0,0.0,LHM7126,NY,PAS,2024-03-25,2024-07-11,102
6353397,LGV6435,NY,PAS,2024-07-10,953.13,75.43,877.7,12,877.7,0.0,0.0,0.0,0.0,,,,,,90
1940388,F19RMF,NJ,PAS,2024-09-25,651.0,207.01,443.99,8,443.99,0.0,0.0,0.0,0.0,F19RMF,NJ,PAS,2023-10-04,2023-10-04,92
6152678,LCH9488,NY,PAS,2024-04-01,1457.3,878.72,578.58,21,578.58,0.0,0.0,0.0,0.0,,,,,,55
7026777,R59STG,NJ,PAS,2024-12-28,776.4,75.43,700.97,10,700.97,75.3,0.0,75.3,1.0,,,,,,104
6776933,MGL2596,PA,PAS,2024-05-20,462.25,50.0,412.25,6,412.25,0.0,0.0,0.0,0.0,,,,,,41
4023698,JCP1348,NY,PAS,2024-08-24,1012.63,426.64,585.99,14,585.99,0.0,0.0,0.0,0.0,,,,,,83
5926699,KZH5189,NY,PAS,2024-08-02,1378.26,753.26,625.0,21,625.0,100.0,0.0,100.0,2.0,KZH5189,NY,PAS,2023-08-22,2023-10-02,107
5974875,KZY3581,NY,PAS,2024-08-26,887.42,177.09,710.33,11,710.33,0.0,0.0,0.0,0.0,,,,,,72
6816677,MRC88,NY,SRF,2024-03-09,537.29,125.04,412.25,7,412.25,0.0,0.0,0.0,0.0,,,,,,106
7362506,THE4530,VA,PAS,2024-10-23,546.86,0.0,546.86,7,546.86,0.0,0.0,0.0,0.0,,,,,,100
7066754,RM94ER,NJ,PAS,2024-10-30,471.78,0.0,471.78,6,471.78,75.0,0.0,75.0,1.0,,,,,,87
837454,AI20JG,FL,PAS,2024-07-17,399.38,0.0,399.38,5,399.38,0.0,0.0,0.0,0.0,,,,,,68
1003613,B21SSA,NJ,PAS,2024-07-06,753.84,200.0,553.84,11,553.84,251.47,100.0,151.47,4.0,,,,,,84
1452647,D32PCW,NJ,PAS,2024-01-25,434.48,0.0,434.48,5,434.48,77.64,0.0,77.64,1.0,,,,,,77
5831952,KYD4718,NY,PAS,2024-10-12,1659.88,1298.71,361.17,22,361.17,0.0,0.0,0.0,0.0,KYD4718,NY,PAS,2024-02-15,2024-02-15,108
5928159,KZH7558,NY,PAS,2024-06-15,1164.81,695.6,469.21,15,469.21,0.0,0.0,0.0,0.0,KZH7558,NY,PAS,2024-04-01,2024-04-01,66
7229480,T663344C,NY,OMT,2024-12-29,951.24,550.17,401.07,15,401.07,0.0,0.0,0.0,0.0,,,,,,89
7115312,S74JZV,NJ,PAS,2024-02-10,369.06,0.0,369.06,4,369.06,0.0,0.0,0.0,0.0,,,,,,66
6235194,LDY4693,NY,PAS,2024-08-25,685.94,50.0,635.94,9,635.94,0.0,0.0,0.0,0.0,,,,,,67
6681803,LXF4373,PA,PAS,2024-10-01,828.89,354.51,474.38,11,474.38,0.0,0.0,0.0,0.0,LXF4373,PA,PAS,2023-02-23,2023-02-23,94
6781328,MHF4381,PA,PAS,2024-01-20,1237.4,0.0,1237.4,15,1237.4,403.28,0.0,403.28,5.0,,,,,,72
1551971,DKN3416,TX,PAS,2024-07-02,600.15,248.25,351.9,7,351.9,0.0,0.0,0.0,0.0,DKN3416,TX,PAS,2023-06-28,2023-06-28,51
4509207,JNJ9383,NY,PAS,2024-04-14,445.62,75.0,370.62,5,370.62,0.0,0.0,0.0,0.0,,,,,,49
2428345,GGT3809,NY,PAS,2024-08-18,623.82,125.0,498.82,8,498.82,75.0,0.0,75.0,1.0,,,,,,90
333488,4725271,NH,PAS,2024-01-14,1126.26,625.06,501.2,14,501.2,0.0,0.0,0.0,0.0,4725271,NH,PAS,2021-09-07,2023-03-08,65
7738457,Y69RHW,NJ,PAS,2024-11-02,1332.58,858.27,474.31,17,474.31,0.0,0.0,0.0,0.0,,,,,,104
5502853,KSF1242,NY,PAS,2024-09-24,1250.75,303.34000000000003,947.41,16,947.41,75.17,0.0,75.17,1.0,,,,,,92
6750570,MBR2552,PA,PAS,2024-07-19,1236.99,590.49,646.5,16,646.5,203.33,50.0,153.32999999999998,3.0,MBR2552,PA,PAS,2023-11-14,2024-01-25,118
6160284,LCL7493,NY,PAS,2024-08-01,1900.26,959.46,940.8,24,940.8,0.0,0.0,0.0,0.0,LCL7493,NY,PAS,2023-08-21,2024-03-07,102
1527430,DGH2458,NY,PAS,2024-03-23,521.8199999999999,103.88,417.94,6,417.94,0.0,0.0,0.0,0.0,,,,,,72
2885461,H11152,NY,PAS,2024-06-26,742.7,0.0,742.7,9,742.7,0.0,0.0,0.0,0.0,,,,,,74
6132825,LCB5271,NY,PAS,2024-05-29,489.76,0.0,489.76,6,489.76,0.0,0.0,0.0,0.0,,,,,,60
3116055,HFE3263,NY,PAS,2024-02-21,1102.36,671.11,431.25,15,431.25,79.2,0.0,79.2,1.0,,,,,,84
7408430,U23REX,NJ,PAS,2024-02-20,432.4,0.0,432.4,5,432.4,0.0,0.0,0.0,0.0,,,,,,66
5855373,KYK9225,NY,PAS,2024-01-12,426.29,0.0,426.29,5,426.29,0.0,0.0,0.0,0.0,,,,,,97
5794239,KXM9229,NY,PAS,2024-11-18,1228.52,300.86,927.66,16,927.66,375.86,0.0,375.86,5.0,KXM9229,NY,PAS,2023-02-23,2024-02-14,86
7380240,TPH3265,VA,PAS,2024-07-11,400.55,0.0,400.55,5,400.55,0.0,0.0,0.0,0.0,,,,,,86
7755340,YELOAUDI,NY,SRF,2024-07-01,554.71,75.0,479.71,7,479.71,150.0,75.0,75.0,2.0,,,,,,49
5934043,KZJ9758,NY,PAS,2024-12-02,439.76,50.0,389.76,6,389.76,0.0,0.0,0.0,0.0,KZJ9758,NY,PAS,2024-06-05,2024-06-05,78
7252027,T695663C,NY,OMT,2024-03-14,1027.15,451.82,575.3299999999999,15,575.3299999999999,158.39999999999998,0.0,158.39999999999998,2.0,,,,,,94
5514292,KSJ8753,NY,OMS,2024-05-13,560.86,150.0,410.86,8,410.86,0.0,0.0,0.0,0.0,,,,,,62
6481115,LKV9404,NY,PAS,2024-07-24,549.16,150.0,399.16,7,399.16,0.0,0.0,0.0,0.0,,,,,,52
776600,A97NMW,NJ,PAS,2024-06-01,350.47,0.0,350.47,4,350.47,0.0,0.0,0.0,0.0,,,,,,60
902566,AR58441,CT,PAS,2024-11-13,897.23,531.13,366.1,12,366.1,0.0,0.0,0.0,0.0,AR58441,CT,PAS,2024-08-13,2024-10-01,98
7029836,R66NXZ,NJ,PAS,2024-12-31,1661.09,1275.49,385.6,22,385.6,0.0,0.0,0.0,0.0,R66NXZ,NJ,PAS,2022-10-20,2024-04-02,94
6159140,LCL3521,NY,PAS,2024-12-18,1422.74,552.71,870.03,20,870.03,225.3,50.0,175.3,4.0,,,,,,98
651110,8JKR026,CA,PAS,2024-03-08,729.31,0.0,729.31,9,729.31,232.01,0.0,232.01,3.0,,,,,,114
7031373,R69SBA,NJ,PAS,2024-04-21,813.17,46.120000000000005,767.05,10,767.05,77.12,0.0,77.12,1.0,R69SBA,NJ,PAS,2024-03-25,2024-03-25,60
5934437,KZK1723,NY,PAS,2024-03-15,505.23,0.0,505.23,6,505.23,0.0,0.0,0.0,0.0,KZK1723,NY,PAS,2023-11-09,2023-11-09,130
1281111,C65REB,NJ,PAS,2024-01-29,2704.6,1287.51,1417.09,35,1417.09,983.99,350.0,633.99,14.0,C65REB,NJ,PAS,2023-04-20,2024-01-24,73
6518368,LLU8475,NY,OMS,2024-11-19,4560.48,0.0,4560.48,70,4210.48,2277.8,0.0,2277.8,39.0,,,,,,72
5984846,L17PSH,NJ,PAS,2024-04-07,423.9500000000001,32.730000000000004,391.22,5,391.22,0.0,0.0,0.0,0.0,L17PSH,NJ,PAS,2023-05-30,2024-02-15,48
7380434,TPJ8829,VA,PAS,2024-01-02,2739.05,0.0,2739.05,33,2739.05,0.0,0.0,0.0,0.0,,,,,,67
3660087,HVK4436,NY,PAS,2024-03-27,3719.32,2552.74,1166.58,49,1116.58,491.45,0.0,491.45,7.0,HVK4436,NY,PAS,2017-10-11,2024-02-14,66
4155306,JFP3448,NY,PAS,2024-07-05,1294.29,881.13,413.16,19,413.16,0.0,0.0,0.0,0.0,,,,,,114
5923875,KZG6565,NY,PAS,2024-07-23,662.3299999999999,0.0,662.3299999999999,8,662.3299999999999,76.21,0.0,76.21,1.0,,,,,,74
5786601,KXJ7845,NY,PAS,2024-03-04,427.85,0.0,427.85,5,427.85,0.0,0.0,0.0,0.0,,,,,,51
739039,A15STN,NJ,PAS,2024-06-09,557.7,150.0,407.7,8,407.7,0.0,0.0,0.0,0.0,,,,,,56
6086953,LBD5870,NY,PAS,2024-06-22,645.43,0.0,645.43,8,645.43,234.87,0.0,234.87,3.0,LBD5870,NY,PAS,2023-09-11,2023-09-11,79
7279743,T730353C,NY,OMT,2024-07-18,1248.0,691.08,556.9200000000001,19,556.9200000000001,150.0,0.0,150.0,2.0,,,,,,96
707777,98APTX,FL,PAS,2024-05-05,412.12,0.0,412.12,5,412.12,0.0,0.0,0.0,0.0,,,,,,49
4682955,JUA957,MN,PAS,2024-01-30,3602.61,0.0,3602.61,45,3602.61,2856.4,0.0,2856.4,36.0,JUA957,MN,PAS,2024-01-09,2024-01-09,52
6040882,LAH2767,NY,PAS,2024-03-02,1474.61,921.76,552.85,19,552.85,0.0,0.0,0.0,0.0,LAH2767,NY,PAS,2024-01-02,2024-01-02,62
5443298,KRC9225,NY,OMS,2024-03-19,509.27,0.0,509.27,6,509.27,155.02,0.0,155.02,2.0,,,,,,65
5809066,KXU3140,NY,PAS,2024-03-31,2616.37,1350.99,1265.38,34,1215.38,1053.83,150.0,903.83,14.0,,,,,,24
6004369,L59NCG,NJ,PAS,2024-08-11,412.61,17.2,395.41,5,395.41,0.0,0.0,0.0,0.0,L59NCG,NJ,PAS,2024-03-19,2024-03-19,79
1464817,D59NPJ,NJ,PAS,2024-05-28,900.64,296.58,604.06,12,604.06,0.0,0.0,0.0,0.0,D59NPJ,NJ,PAS,2023-08-08,2024-02-22,65
6300186,LFM8968,NY,PAS,2024-03-20,820.34,0.0,820.34,10,820.34,0.0,0.0,0.0,0.0,,,,,,71
5052842,KHP1693,PA,PAS,2024-06-16,720.34,0.0,720.34,9,720.34,75.95,0.0,75.95,1.0,,,,,,35
3996561,JCC5743,NY,PAS,2024-06-11,2417.65,1540.86,876.79,33,876.79,586.64,200.0,386.64,8.0,JCC5743,NY,PAS,2019-09-18,2024-01-02,43
7707644,Y200489C,NY,OMT,2024-12-17,797.26,375.0,422.26,12,422.26,0.0,0.0,0.0,0.0,,,,,,76
7077238,RTH0590,GA,PAS,2024-04-29,5404.69,2653.7,2750.99,76,2750.99,1535.56,0.0,1535.56,20.0,RTH0590,GA,PAS,2023-08-28,2023-10-11,53
7567688,W47RFR,NJ,PAS,2024-03-24,579.36,0.0,579.36,7,579.36,0.0,0.0,0.0,0.0,,,,,,38
472404,630NYV,NY,ORG,2024-04-12,820.75,433.0,387.75,10,387.75,0.0,0.0,0.0,0.0,630NYV,NY,ORG,2023-05-17,2023-05-17,70
6534522,LNA0212,PA,PAS,2024-09-12,405.36,0.0,405.36,5,405.36,0.0,0.0,0.0,0.0,,,,,,105
3384327,HMU4729,NY,PAS,2024-05-06,1025.47,550.76,474.71,13,474.71,126.21,50.0,76.21,2.0,HMU4729,NY,PAS,2022-10-31,2023-08-01,81
6318321,LFZ1248,NY,PAS,2024-12-11,619.3,0.0,619.3,8,619.3,0.0,0.0,0.0,0.0,,,,,,99
6267985,LEP2437,NY,PAS,2024-02-05,733.0799999999999,0.0,733.0799999999999,9,733.0799999999999,234.74,0.0,234.74,3.0,,,,,,66
6190145,LDD1761,NY,PAS,2024-01-08,420.05,0.0,420.05,5,420.05,0.0,0.0,0.0,0.0,,,,,,71
7806482,Z97RZB,NJ,PAS,2024-03-07,1127.86,303.96999999999997,823.89,14,823.89,79.98,0.0,79.98,1.0,,,,,,96
2325787,GCA8147,NY,PAS,2024-02-28,2587.12,1923.62,663.5,35,663.5,160.87,0.0,160.87,2.0,,,,,,88
4079473,JDZ9946,NY,PAS,2024-03-29,551.98,129.32999999999998,422.65,7,422.65,0.0,0.0,0.0,0.0,,,,,,106
564633,78AR8,PA,PAS,2024-12-24,764.36,0.0,764.36,10,764.36,150.0,0.0,150.0,2.0,,,,,,89
7715379,Y21SZH,NJ,PAS,2024-10-26,395.22,0.0,395.22,5,395.22,0.0,0.0,0.0,0.0,,,,,,111
6054157,LAM2877,NY,PAS,2024-06-03,1359.01,0.0,1359.01,17,1359.01,547.77,0.0,547.77,7.0,,,,,,62
4806229,KDD2562,NY,PAS,2024-01-24,3095.58,2253.82,841.76,41,841.76,0.0,0.0,0.0,0.0,,,,,,50
7677467,XKBN65,NJ,PAS,2024-09-01,411.34,0.0,411.34,5,411.34,0.0,0.0,0.0,0.0,,,,,,101
6787480,MJC4720,PA,PAS,2024-02-14,1721.05,0.0,1721.05,21,1721.05,649.46,0.0,649.46,8.0,,,,,,50
1288912,C82UDC,NJ,PAS,2024-08-12,400.42,0.0,400.42,5,400.42,0.0,0.0,0.0,0.0,,,,,,60
711428,998BH3,NY,MOT,2024-03-25,1928.88,0.0,1928.88,24,1928.88,1192.16,0.0,1192.16,15.0,,,,,,66
3431377,HNX6569,NY,PAS,2024-04-23,1003.61,505.92,497.69,13,497.69,0.0,0.0,0.0,0.0,,,,,,49
5349512,KNL5779,NY,PAS,2024-06-07,406.01,0.0,406.01,5,406.01,0.0,0.0,0.0,0.0,,,,,,117
1937337,F12UMF,NJ,PAS,2024-12-20,390.02,0.0,390.02,5,390.02,0.0,0.0,0.0,0.0,,,,,,140
2787667,GXB4894,PA,PAS,2024-05-17,405.23,0.0,405.23,5,405.23,0.0,0.0,0.0,0.0,,,,,,99
4002364,JCF2140,NY,PAS,2024-08-22,1259.36,848.28,411.08,16,411.08,0.0,0.0,0.0,0.0,JCF2140,NY,PAS,2018-11-19,2020-01-06,110
6059343,LAP2242,NY,PAS,2024-02-15,584.04,0.0,584.04,7,584.04,0.0,0.0,0.0,0.0,,,,,,83
7724942,Y41RCM,NJ,PAS,2024-02-26,973.92,75.0,898.92,12,898.92,239.29,0.0,239.29,3.0,,,,,,61
6547004,LNG3980,NY,PAS,2024-11-26,1231.65,0.0,1231.65,16,1231.65,0.0,0.0,0.0,0.0,,,,,,91
4952969,KFW9102,NY,PAS,2024-06-02,1560.7,1152.87,407.83,21,407.83,0.0,0.0,0.0,0.0,,,,,,59
7131709,SCN1679,GA,PAS,2024-08-27,626.41,0.0,626.41,8,626.41,228.07,0.0,228.07,3.0,,,,,,72
7121423,S87SRC,NJ,PAS,2024-10-07,478.4500000000001,0.0,478.4500000000001,6,478.4500000000001,0.0,0.0,0.0,0.0,,,,,,105
6769231,MFA9052,PA,PAS,2024-01-07,752.45,0.0,752.45,9,752.45,0.0,0.0,0.0,0.0,,,,,,55
4770336,KBP7489,NY,PAS,2024-01-03,1599.31,468.16,1131.15,20,1131.15,619.86,250.0,369.86,8.0,KBP7489,NY,PAS,2022-11-28,2022-11-28,46
411231,561722,DE,PAS,2024-02-02,512.38,0.0,512.38,6,512.38,0.0,0.0,0.0,0.0,,,,,,88
1061769,BB82438,CT,PAS,2024-04-10,582.0899999999999,0.0,582.0899999999999,7,582.0899999999999,0.0,0.0,0.0,0.0,,,,,,45
4698648,JZR7528,PA,PAS,2024-03-13,660.38,0.0,660.38,8,660.38,0.0,0.0,0.0,0.0,,,,,,83
2071799,FHV9039,NY,PAS,2024-05-11,2697.21,2271.52,425.69,34,425.69,0.0,0.0,0.0,0.0,,,,,,58
6031685,LAC8284,NY,PAS,2024-10-08,1604.77,676.47,928.3,24,928.3,75.82,0.0,75.82,1.0,LAC8284,NY,PAS,2024-09-24,2024-09-24,113
7333271,T800698C,NY,OMT,2024-04-13,727.45,0.0,727.45,9,727.45,230.02,0.0,230.02,3.0,,,,,,50
716459,9BWN294,CA,PAS,2024-07-29,1836.28,801.18,1035.1,26,1035.1,225.0,0.0,225.0,3.0,9BWN294,CA,PAS,2023-04-24,2023-04-25,44
6195146,LDE8302,PA,PAS,2024-04-25,1122.86,547.19,575.6700000000001,14,575.6700000000001,0.0,0.0,0.0,0.0,,,,,,89
3985799,JBY2640,TX,PAS,2024-03-18,587.4200000000001,0.0,587.4200000000001,9,587.4200000000001,0.0,0.0,0.0,0.0,,,,,,61
829509,AH78EG,FL,PAS,2024-05-15,2670.95,1794.49,876.46,39,876.46,928.8,928.8,0.0,15.0,,,,,,79
6431527,LJN3490,NY,PAS,2024-07-21,636.8499999999999,0.0,636.8499999999999,8,636.8499999999999,0.0,0.0,0.0,0.0,,,,,,76
1060127,BB65586,CT,PAS,2024-05-08,415.5,0.0,415.5,5,415.5,0.0,0.0,0.0,0.0,,,,,,81
6314117,LFX2927,NY,PAS,2024-07-28,958.59,0.0,958.59,12,958.59,0.0,0.0,0.0,0.0,,,,,,71
3887083,J52SMU,NJ,PAS,2024-12-08,918.99,0.0,918.99,12,918.99,200.99,0.0,200.99,3.0,,,,,,87
6309724,LFS9919,NY,PAS,2024-04-04,886.33,0.0,886.33,11,886.33,0.0,0.0,0.0,0.0,,,,,,84
1258865,C23SXH,NJ,PAS,2024-04-02,410.82,0.0,410.82,5,410.82,0.0,0.0,0.0,0.0,,,,,,45
7577584,W69PBV,NJ,PAS,2024-01-27,3775.77,1365.89,2409.88,49,2359.88,1811.91,75.61,1736.3,24.0,W69PBV,NJ,PAS,2022-08-18,2023-06-08,61
5656807,KVD3446,NY,PAS,2024-01-28,893.53,265.31,628.22,12,628.22,235.39,0.0,235.39,3.0,KVD3446,NY,PAS,2023-11-21,2023-11-21,62
3627008,HUS7913,NY,PAS,2024-04-17,375.8200000000001,0.0,375.82,4,375.82,0.0,0.0,0.0,0.0,,,,,,52
